drop database if exists furama;

create database furama;

use furama;

CREATE TABLE nhan_vien (
    ma_nhan_vien INT PRIMARY KEY AUTO_INCREMENT,
    ho_ten VARCHAR(45) NOT NULL,
    ngay_sinh date NOT NULL,
    so_cmnd VARCHAR(45) NOT NULL,
    luong DOUBLE NOT NULL,
    so_dien_thoai VARCHAR(45) NOT NULL,
    email VARCHAR(45),
    dia_chi VARCHAR(45),
    ma_vi_tri INT NOT NULL,
    ma_trinh_do INT NOT NULL,
    ma_bo_phan INT NOT NULL
);
CREATE TABLE vi_tri (
    ma_vi_tri INT NOT NULL AUTO_INCREMENT,
    PRIMARY KEY (ma_vi_tri),
    ten_vi_tri VARCHAR(45)
);
CREATE TABLE trinh_do (
    ma_trinh_do INT NOT NULL AUTO_INCREMENT PRIMARY KEY,
    ten_trinh_do VARCHAR(45)
);
CREATE TABLE bo_phan (
    ma_bo_phan INT NOT NULL AUTO_INCREMENT PRIMARY KEY,
    ten_bo_phan VARCHAR(45)
);
CREATE TABLE khach_hang (
    ma_khach_hang INT AUTO_INCREMENT,
    PRIMARY KEY (ma_khach_hang) ,
    ma_loai_khach INT NOT NULL,
    ho_ten VARCHAR(45) NOT NULL,
    ngay_sinh VARCHAR(45) NOT NULL,
    gioi_tinh BIT(1) NOT NULL,
    so_cmnd VARCHAR(45) NOT NULL,
    so_dien_thoai VARCHAR(45) NOT NULL,
    email VARCHAR(45),
    dia_chi VARCHAR(45)
);
CREATE TABLE loai_khach (
    ma_loai_khach INT NOT NULL AUTO_INCREMENT,
    PRIMARY KEY (ma_loai_khach),
    ten_loai_khach VARCHAR(45)
);
CREATE TABLE hop_dong (
    ma_hop_dong INT NOT NULL AUTO_INCREMENT,
    PRIMARY KEY (ma_hop_dong),
    ngay_lam_hop_dong DATETIME NOT NULL,
    ngay_ket_thuc DATETIME NOT NULL,
    tien_dat_coc DOUBLE,
    ma_nhan_vien INT NOT NULL,
    ma_khach_hang INT NOT NULL,
    ma_dich_vu INT NOT NULL
);
CREATE TABLE dich_vu (
    ma_dich_vu INT NOT NULL  ,
    PRIMARY KEY (ma_dich_vu),
    ten_dich_vu VARCHAR(45) NOT NULL,
    dien_tich INT,
    chi_phi_thue DOUBLE NOT NULL,
    so_nguoi_toi_da INT,
    ma_kieu_thue INT NOT NULL,
    ma_loai_dich_vu INT NOT NULL,
    tieu_chuan_phong VARCHAR(45),
    mo_ta_tien_nghi_khac VARCHAR(45),
    dien_tich_ho_boi DOUBLE,
    so_tang INT,
    dich_vu_mien_phi_di_kem TEXT
);
CREATE TABLE kieu_thue (
    ma_kieu_thue INT NOT NULL PRIMARY KEY AUTO_INCREMENT,
    ten_kieu_thue VARCHAR(45)
);

CREATE TABLE loai_dich_vu (
    ma_loai_dich_vu INT NOT NULL PRIMARY KEY AUTO_INCREMENT,
    ten_loai_dich_vu VARCHAR(45)
);

CREATE TABLE dich_vu_di_kem (
    ma_dich_vu_di_kem INT NOT NULL PRIMARY KEY AUTO_INCREMENT,
    ten_dich_vu_di_kem VARCHAR(45) NOT NULL,
    gia DOUBLE NOT NULL,
    don_vi VARCHAR(45) NOT NULL,
    trang_thai VARCHAR(45)
);

CREATE TABLE hop_dong_chi_tiet (
    ma_hop_dong_chi_tiet INT NOT NULL PRIMARY KEY AUTO_INCREMENT,
    ma_hop_dong INT NOT NULL,
    ma_dich_vu_di_kem INT NOT NULL,
    so_luong INT NOT NULL
);

alter table nhan_vien add foreign key (ma_vi_tri) references vi_tri(ma_vi_tri) on delete cascade;
alter table nhan_vien add foreign key (ma_trinh_do) references trinh_do(ma_trinh_do) on delete cascade;
alter table nhan_vien add foreign key (ma_bo_phan) references bo_phan(ma_bo_phan) on delete cascade;
alter table hop_dong add foreign key (ma_nhan_vien) references nhan_vien(ma_nhan_vien) on delete cascade;
alter table hop_dong add foreign key (ma_khach_hang) references khach_hang(ma_khach_hang) on delete cascade;
alter table hop_dong add foreign key (ma_dich_vu) references dich_vu(ma_dich_vu) on delete cascade;
alter table khach_hang add foreign key (ma_loai_khach) references loai_khach(ma_loai_khach) on delete cascade;
alter table dich_vu	add foreign key (ma_kieu_thue) references kieu_thue(ma_kieu_thue) on delete cascade;
alter table dich_vu add foreign key (ma_loai_dich_vu) references loai_dich_vu(ma_loai_dich_vu) on delete cascade;
alter table hop_dong_chi_tiet add foreign key (ma_hop_dong) references hop_dong(ma_hop_dong) on delete cascade;
alter table hop_dong_chi_tiet add foreign key (ma_dich_vu_di_kem) references dich_vu_di_kem(ma_dich_vu_di_kem) on delete cascade;



insert into vi_tri(ten_vi_tri) 
values ("Quản lý");

insert into vi_tri(ten_vi_tri)
values ("Nhân viên");

INSERt into trinh_do (ma_trinh_do, ten_trinh_do) VALuEs ('1', 'Trung Cấp');
INSErT into trinh_do (ma_trinh_do, ten_trinh_do) VALUEs ('2', 'cao đẳng');
INSERT iNTo trinh_do (ma_trinh_do, ten_trinh_do) VALUES ('3', 'đại Học');
INSERT INTO trinh_do (ma_trinh_do, ten_trinh_do) VALUES ('4', 'Sau đại học');
insert into bo_phan(ten_bo_phan) values ("Sale-Marketing");
insert into bo_phan(ten_bo_phan) values ("Hành chính");
insert into bo_phan(ten_bo_phan) values ("Phục vụ");
insert into bo_phan(ten_bo_phan) values ("Quản lý");


INSeRT into nhan_vien (ma_nhan_vien, ho_ten, ngay_sinh, so_cmnd, luong, so_dien_thoai, email, dia_chi, ma_vi_tri, ma_trinh_do, ma_bo_phan) VALUES
 ('1', 'Nguyễn Văn An', '1970-11-07', '456231786', '10000000', '0901234121', 'annguyen@gmail.com', '295 Nguyễn Tất Thành, Đà Nẵng', '1', '3', '1'),
 ('2', 'Lê Văn Bình', '1997-04-09', '654231234', '7000000', '0934212314', 'binhlv@gmail.com', '22 Yên bái, Đà Nẵng', '1', '2', '2'),
 ('3', 'Hồ Thị Yến', '1995-12-12', '999231723', '14000000', '0412352315', 'thiyen@gmail.com', 'K234/11 Điện Biên Phủ, Gia Lai', '1', '3', '2'),
 ('4', 'Võ Công Toản', '1980-04-04', '123231365', '17000000', '0374443232', 'toan0404@gmail.com', '77 Hoàng Diệu, quảng Trị', '1', '4', '4'),
 ('5', 'Nguyễn Bỉnh Phát', '1999-12-09', '454363232', '6000000', '0902341231', 'phatphat@gmail.com', '43 Yên Bái, Đà nẵng', '2', '1', '1'),
 ('6', 'Khúc Nguyễn An nghi', '2000-11-08', '964542311', '7000000', '0978653213', 'annghi20@gmail.com', '294 Nguyễn Tất Thành, Đà Nẵng', '2', '2', '3'),
 ('7', 'Nguyễn Hữu Hà', '1993-01-01', '534323231', '8000000', '0941234553', 'nhh0101@gmail.com', '4 Nguyễn Chí Thanh, Huế', '2', '3', '2'),
 ('8', 'Nguyễn Hà Đông', '1989-09-03', '234414123', '9000000', '0642123111', 'donghanguyen@gmail.com', '111 Hùng Vương, Hà Nội', '2', '4', '4'),
 ('9', 'Tòng Hoang', '1982-09-03', '256781231', '6000000', '0245144444', 'hoangtong@gmail.com', '213 Hàm Nghi, đà nẵng', '2', '4', '4'),
 ('10', 'Nguyễn công Đạo', '1994-01-08', '755434343', '8000000', '0988767111', 'nguyencongdao12@gmail.com', '6 Hoà khánh, đồng Nai', '2', '3', '2');

INSERT INTO loai_khach (ma_loai_khach, ten_loai_khach) vALUEs ('1', 'diamond');
iNSERT INTO loai_khach (ma_loai_khach, ten_loai_khach) VALuES ('2', 'Platinium');
INSERT INTo loai_khach (ma_loai_khach, ten_loai_khach) VaLUES ('3', 'Gold');
INSERT INTO loai_khach (ma_loai_khach, ten_loai_khach) VALUES ('4', 'Silver');
INSERT INTO loai_khach (ma_loai_khach, ten_loai_khach) VALUeS ('5', 'Member');
InSERT INTO khach_hang (ma_khach_hang, ma_loai_khach, ho_ten, ngay_sinh, gioi_tinh, so_cmnd, so_dien_thoai, email, dia_chi) 
VaLUES
('1', '5', 'Nguyễn Thị Hào', '1970-11-07', 0, '643431213', '0945423362', 'thihao07@gmail.com', '23 Nguyễn Hoàng, Đà Nẵng'),
('2', '3', 'Phạm Xuân Diệu', '1992-08-08', 1, '865342123', '0954333333', 'xuandieu92@gmail.com', 'K77/22 Thái Phiên, quảng Trị'),
('3', '1', 'Trương Đình Nghệ', '1990-02-27',1 , '488645199', '0373213122', 'nghenhan2702@gmail.com', 'K323/12 Ông Ích Khiêm, Vinh'),
('4', '1', 'Dương Văn Quan', '1981-07-08', 1, '543432111', '0490039241', 'duongquan@gmail.com', 'K453/12 Lê Lợi, Đà Nẵng'),
('5', '4', 'Hoàng trần nhi Nhi', '1995-12-09', 0, '795453345', '0312345678', 'nhinhi123@gmail.com', '224 Lý Thái Tổ, Gia Lai'),
('6', '4', 'Tôn Nữ Mộc châu', '2005-12-06', 0, '732434215', '0988888844', 'tonnuchau@gmail.com', '37 Yên Thế, Đà nẵng'),
('7', '1', 'Nguyễn Mỹ Kim', '1984-04-08', 0, '856453123', '0912345698', 'kimcuong84@gmail.com', 'K123/45 Lê Lợi, hồ Chí Minh'),
('8', '3', 'Nguyễn Thị Hào', '1999-04-08', 0, '965656433', '0763212345', 'haohao99@gmail.com', '55 Nguyễn Văn Linh, Kon Tum'),
('9', '1', 'Trần đại Danh', '1994-07-01', 1, '432341235', '0643343433', 'danhhai99@gmail.com', '24 Lý Thường Kiệt, Quảng ngãi'),
('10', '2', 'Nguyễn Tâm Đắc', '1989-07-01', 1, '344343432', '0987654321', 'dactam@gmail.com', '22 Ngô quyền, Đà Nẵng');


 INSERT INTO kieu_thue(ten_kieu_thue) 
 VALUES ("year"),("month"),("day"),("hour");
 

 
 insert into loai_dich_vu(ten_loai_dich_vu) 
 values ("Villa"),("House"),("Room");


INSERT INTO dich_vu (ma_dich_vu, ten_dich_vu, dien_tich, chi_phi_thue, so_nguoi_toi_da, ma_kieu_thue, ma_loai_dich_vu, tieu_chuan_phong, mo_ta_tien_nghi_khac, dien_tich_ho_boi, so_tang, dich_vu_mien_phi_di_kem) 
VALUES 
('1', 'Villa Beach Front', '25000', 1000000, '10', '3', '1', 'vip', 'Có hồ bơi', '500', '4', NULL),
('2', 'House Princess 01', '14000', 5000000, '7', '2', '2', 'vip', 'Có thêm bếp nướng', NULL, '3', NULL),
('3', 'Room Twin 01', '5000', 1000000, '2', '4', '3', 'normal', 'Có tivi', NULL, NULL, '1 Xe máy, 1 Xe đạp'),
('4', 'Villa No Beach Front', '22000', 9000000, '8', '3', '1', 'normal', 'Có hồ bơi', '300', '3', NULL),
('5', 'House Princess 02', '10000', 4000000, '5', '3', '2', 'normal', 'Có thêm bếp nướng', NULL, '2', NULL),
('6', 'Room Twin 02', '3000', 900000, '2', '4', '3', 'normal', 'Có tivi', NULL, NULL, '1 Xe máy');

INSERT INTO dich_vu_di_kem (ma_dich_vu_di_kem, ten_dich_vu_di_kem, gia, don_vi, trang_thai) 
VALUES 
 ('1', 'Karaoke', 10000, 'giờ', 'tiện nghi, hiện tại'),
 ('2', 'Thuê xe máy', 10000, 'chiếc', 'hỏng 1 xe'),
 ('3', 'Thuê xe đạp', 20000, 'chiếc', 'tốt'),
 ('4', 'Buffet buổi sáng', 15000, 'suất', 'đầy đủ đồ ăn, tráng miệng'),
 ('5', 'Buffet buổi trưa', 90000, 'suất', 'đầy đủ đồ ăn, tráng miệng'),
 ('6', 'Buffet buổi tối', 16000, 'suất', 'đầy đủ đồ ăn, tráng miệng');

INSERT INTO hop_dong (ma_hop_dong, ngay_lam_hop_dong, ngay_ket_thuc, tien_dat_coc, ma_nhan_vien, ma_khach_hang, ma_dich_vu) 
VALUES  
 ('1', '2020-12-08', '2020-12-08', '0', '3', '1', '3'),
 ('2', '2020-07-14', '2020-07-21', '200000', '7', '3', '1'),
 ('3', '2021-03-15', '2021-03-17', '50000', '3', '4', '2'),
 ('4', '2021-01-14', '2021-01-18', '100000', '7', '5', '5'),
 ('5', '2021-07-14', '2021-07-15', '0', '7', '2', '6'),
 ('6', '2021-06-01', '2021-06-03', '0', '7', '7', '6'),
 ('7', '2021-09-02', '2021-09-05', '100000', '7', '4', '4'),
 ('8', '2021-06-17', '2021-06-18', '150000', '3', '4', '1'),
 ('9', '2020-11-19', '2020-11-19', '0', '3', '4', '3'),
 ('10', '2021-04-12', '2021-04-14', '0', '10', '3', '5'),
 ('11', '2021-04-25', '2021-04-25', '0', '2', '2', '1'),
 ('12', '2021-05-25', '2021-05-27', '0', '7', '10', '1');

INSERT INTO hop_dong_chi_tiet (ma_hop_dong_chi_tiet, ma_hop_dong, ma_dich_vu_di_kem, so_luong)
 VALUES 
 ('1', '2', '4', 5),
 ('2', '2', '5', 8),
 ('3', '2', '6', 15),
 ('4', '3', '1', 1),
 ('5', '3', '2', 11),
 ('6', '1', '3', 1),
 ('7', '1', '2', 2),
 ('8', '12', '2', 2);
 -- SET sql_safe_updates = 1;

-- update khach_hang set  ma_loai_khach = 12, ho_ten = "vinh", ngay_sinh=18-08-1998, gioi_tinh = true, so_cmnd = 32132, so_dien_thoai = 123123, email = "dsad@gmail.com", dia_chi = "sdddd";
-- SET sql_safe_updates = 0;

SELECT 
    *
FROM
    khach_hang;


DELIMITER $$
DROP PROCEDURE IF EXISTS deleteCustomer $$
CREATE PROCEDURE deleteCustomer 
   (IN ma_khach_hang_xoa INT)
BEGIN
   delete from khach_hang where ma_khach_hang = ma_khach_hang_xoa ;
END $$
DELIMITER ;

call deleteCustomer(5);

 ma_khach_hang INT AUTO_INCREMENT,
    PRIMARY KEY (ma_khach_hang) ,
    ma_loai_khach INT NOT NULL,
    ho_ten VARCHAR(45) NOT NULL,
    ngay_sinh VARCHAR(45) NOT NULL,
    gioi_tinh BIT(1) NOT NULL,
    so_cmnd VARCHAR(45) NOT NULL,
    so_dien_thoai VARCHAR(45) NOT NULL,
    email VARCHAR(45),
    dia_chi VARCHAR(45)


DELIMITER $$
DROP PROCEDURE IF EXISTS update_customer $$
CREATE PROCEDURE update_customer
	(in 
    ma_loai_khach_moi INT,
    ho_ten_moi varchar(45),
    ngay_sinh_moi varchar(45),
    gioi_tinh_moi bit(1),
    so_cmnd_moi varchar(45),
    so_dien_thoai_moi VARCHAR(45),
    email_moi VARCHAR(45),
    dia_chi_moi VARCHAR(45),
    ma_khach_hang_cu int)
BEGIN
   update  khach_hang
   set 
    ma_loai_khach = ma_loai_khach_moi,
   ho_ten = ho_ten_moi,
   ngay_sinh = ngay_sinh_moi,
   gioi_tinh = gioi_tinh_moi,
   so_cmnd = so_cmnd_moi,
   so_dien_thoai = so_dien_thoai_moi,
   email = email_moi,
   dia_chi = dia_chi_moi
   where ma_khach_hang = ma_khach_hang_cu;
END $$
DELIMITER ;
-- ------------------------------------------ 

select * from kieu_thue ;


DELIMITER $$
DROP PROCEDURE IF EXISTS deleteFacility $$
CREATE PROCEDURE deleteFacility 
   (IN ma_dich_vu_xoa INT)
BEGIN
   delete from dich_vu where ma_dich_vu = ma_dich_vu_xoa ;
END $$
DELIMITER ;
-- -------------------------------------------
DELIMITER $$
DROP PROCEDURE IF EXISTS update_facility $$
CREATE PROCEDURE update_facility
	(in 
    ten_dich_vu_moi VARCHAR(45),
    dien_tich_moi INT,
    chi_phi_thue_moi DOUBLE ,
    so_nguoi_toi_da_moi INT,
    ma_kieu_thue_moi INT,
    ma_loai_dich_vu_moi INT,
    tieu_chuan_phong_moi VARCHAR(45),
    mo_ta_tien_nghi_khac_moi VARCHAR(45),
    dien_tich_ho_boi_moi DOUBLE,
    so_tang_moi INT,
    dich_vu_mien_phi_di_kem_moi TEXT,
     ma_dich_vu_cu INT  
    )
BEGIN
   update  dich_vu
   set 
    ten_dich_vu = ten_dich_vu_moi,
    dien_tich =dien_tich_moi,
    chi_phi_thue = chi_phi_thue_moi,
    so_nguoi_toi_da =so_nguoi_toi_da_moi,
    ma_kieu_thue =ma_kieu_thue_moi,
    ma_loai_dich_vu = ma_loai_dich_vu_moi,
    tieu_chuan_phong =tieu_chuan_phong_moi,
    mo_ta_tien_nghi_khac =mo_ta_tien_nghi_khac_moi,
    dien_tich_ho_boi =dien_tich_ho_boi_moi ,
    so_tang = so_tang_moi,
    dich_vu_mien_phi_di_kem = dich_vu_mien_phi_di_kem_moi
   where ma_dich_vu = ma_dich_vu_cu;
END $$
DELIMITER ;


